siren;url;format
200053767;https://www.auvergnerhonealpes.fr/media/5979/download?inline;xlsx
200053767;https://www.auvergnerhonealpes.fr/media/1470/download?inline;xlsx
200053767;https://www.auvergnerhonealpes.fr/media/545/download?inline;xlsx
200053767;https://www.auvergnerhonealpes.fr/media/550/download?inline;xlsx
200053767;https://www.auvergnerhonealpes.fr/media/554/download?inline;xlsx
200053767;https://www.auvergnerhonealpes.fr/media/561/download?inline;xlsx
200053767;https://www.auvergnerhonealpes.fr/media/562/download?inline;xlsx
200053767;https://www.auvergnerhonealpes.fr/media/3992/download?inline;xlsx
200053767;https://www.auvergnerhonealpes.fr/media/546/download?inline;xlsx
200053767;https://www.auvergnerhonealpes.fr/media/551/download?inline;xlsx
200053767;https://www.auvergnerhonealpes.fr/media/556/download?inline;xlsx
200053767;https://www.auvergnerhonealpes.fr/media/547/download?inline;xlsx
200053767;https://www.auvergnerhonealpes.fr/media/552/download?inline;xlsx
200053767;https://www.auvergnerhonealpes.fr/media/558/download?inline;xlsx
200053767;https://www.auvergnerhonealpes.fr/media/559/download?inline;xlsx
200053767;https://www.auvergnerhonealpes.fr/media/553/download?inline;xlsx
