type;cog;nom;longitude;latitude
REG;44;Alsace Champagne-Ardenne Lorraine;5,619444;48,689167
REG;75;Aquitaine Limousin Poitou-Charentes;0,197778;45,192222
REG;84;Auvergne Rhône-Alpes;4,538056;45,515833
REG;27;Bourgogne Franche-Comté;4,809167;47,235278
REG;53;Bretagne;-1,161389;48,179722
REG;24;Centre-Val de Loire;1,685278;47,480556
CTU;94;Corse;9,105278;42,149722
REG;11;Île-de-France;2,504722;48,709167
REG;76;Languedoc-Roussillon Midi-Pyrénées;2,137222;43,702222
REG;32;Nord-Pas-de-Calais Picardie;2,775278;49,966111
REG;28;Normandie;0,106667;49,121111
REG;52;Pays de la Loire;0,823889;47,474722
REG;93;Provence-Alpes-Côte d'Azur;6,053333;43,955
REG;4;La Réunion;-21,114533;55,532062
CTU;2;Martinique;-61,015827;14,636792
REG;1;Guadeloupe;-61,568686;16,252882
CTU;3;Guyane;-52,999998;4,003989
DEP;01;Ain;5,348889;46,099444
DEP;02;Aisne;3,558333;49,559444
DEP;03;Allier;3,188333;46,393611
DEP;04;Alpes-de-Haute-Provence;6,243889;44,106111
DEP;05;Hautes-Alpes;6,263056;44,663611
DEP;06;Alpes-Maritimes;7,116389;43,9375
DEP;07;Ardèche;4,424722;44,751667
DEP;08;Ardennes;4,640833;49,615556
DEP;09;Ariège;1,503889;42,920833
DEP;10;Aube;4,161667;48,304444
DEP;11;Aude;2,414167;43,103333
DEP;12;Aveyron;2,679722;44,280278
DEP;13;Bouches-du-Rhône;5,086389;43,543333
DEP;14;Calvados;0,363611;49,099722
DEP;15;Cantal;2,668611;45,051111
DEP;16;Charente;0,201667;45,718056
DEP;17;Charente-Maritime;0,674444;45,780833
DEP;18;Cher;2,491111;47,064722
DEP;19;Corrèze;1,876944;45,356944
DEP;2A;Corse-du-Sud;8,988056;41,863611
DEP;2B;Haute-Corse;9,206389;42,394167
DEP;21;Côte-d'Or;4,772222;47,424722
DEP;22;Côtes-d'Armor;-1,135833;48,441111
DEP;23;Creuse;2,018889;46,090278
DEP;24;Dordogne;0,741389;45,104167
DEP;25;Doubs;6,361667;47,165278
DEP;26;Drôme;5,168056;44,684167
DEP;27;Eure;0,996111;49,113611
DEP;28;Eure-et-Loir;1,370278;48,3875
DEP;29;Finistère;-3,941111;48,261111
DEP;30;Gard;4,180278;43,993333
DEP;31;Haute-Garonne;1,172778;43,358611
DEP;32;Gers;0,453333;43,692778
DEP;33;Gironde;0,575278;44,825278
DEP;34;Hérault;3,367222;43,579722
DEP;35;Ille-et-Vilaine;-0,361389;48,154444
DEP;36;Indre;1,575833;46,777778
DEP;37;Indre-et-Loire;0,691389;47,258056
DEP;38;Isère;5,576111;45,263333
DEP;39;Jura;5,697778;46,728333
DEP;40;Landes;0,783889;43,965556
DEP;41;Loir-et-Cher;1,429444;47,616667
DEP;42;Loire;4,165833;45,726944
DEP;43;Haute-Loire;3,806389;45,128056
DEP;44;Loire-Atlantique;-0,317778;47,361389
DEP;45;Loiret;2,344167;47,911944
DEP;46;Lot;1,604722;44,624167
DEP;47;Lot-et-Garonne;0,460278;44,3675
DEP;48;Lozère;3,500278;44,517222
DEP;49;Maine-et-Loire;0,564167;47,390833
DEP;50;Manche;-0,6725;49,079444
DEP;51;Marne;4,238611;48,949167
DEP;52;Haute-Marne;5,226389;48,109444
DEP;53;Mayenne;0,658056;48,146667
DEP;54;Meurthe-et-Moselle;6,165;48,786944
DEP;55;Meuse;5,381667;48,989444
DEP;56;Morbihan;-1,19;47,846389
DEP;57;Moselle;6,663333;49,037222
DEP;58;Nièvre;3,504722;47,115278
DEP;59;Nord;3,220556;50,447222
DEP;60;Oise;2,425278;49,410278
DEP;61;Orne;0,128889;48,623611
DEP;62;Pas-de-Calais;2,288611;50,493611
DEP;63;Puy-de-Dôme;3,140833;45,725833
DEP;64;Pyrénées-Atlantiques;0,761389;43,256667
DEP;65;Hautes-Pyrénées;0,163889;43,053056
DEP;66;Pyrénées-Orientales;2,522222;42,6
DEP;67;Bas-Rhin;7,551389;48,670833
DEP;68;Haut-Rhin;7,274167;47,858611
DEP;69;Rhône;4,641389;45,870278
DEP;70;Haute-Saône;6,086111;47,641111
DEP;71;Saône-et-Loire;4,542222;46,644722
DEP;72;Sarthe;0,222222;47,994444
DEP;73;Savoie;6,443611;45,4775
DEP;74;Haute-Savoie;6,428056;46,034444
DEP;75;Paris;2,342222;48,856667
DEP;76;Seine-Maritime;1,026389;49,655
DEP;77;Seine-et-Marne;2,933333;48,626667
DEP;78;Yvelines;1,841667;48,815
DEP;79;Deux-Sèvres;0,317222;46,555556
DEP;80;Somme;2,277778;49,958056
DEP;81;Tarn;2,166111;43,785278
DEP;82;Tarn-et-Garonne;1,281944;44,085833
DEP;83;Var;6,218056;43,460556
DEP;84;Vaucluse;5,186111;43,993889
DEP;85;Vendée;-0,702222;46,674722
DEP;86;Vienne;0,460278;46,563889
DEP;87;Haute-Vienne;1,235278;45,891667
DEP;88;Vosges;6,380556;48,196667
DEP;89;Yonne;3,564444;47,839722
DEP;90;Territoire de Belfort;6,928611;47,631667
DEP;91;Essonne;2,243056;48,522222
DEP;92;Hauts-de-Seine;2,245833;48,847222
DEP;93;Seine-Saint-Denis;2,478056;48,9175
DEP;94;Val-de-Marne;2,468889;48,7775
DEP;95;Val-d'Oise;2,131111;49,082778
DEP;691;Métropole de Lyon;4,832011;45,757814
DEP;67A;Alsace;7,551389;48,670833
DEP;67A;Alsace;7,551389;48,670833
DEP;971;Guadeloupe;-61,568686;16,252882
DEP;974;La Réunion;-21,114533;55,532062
DEP;976;Mayotte;-52,999998;4,003989
